sector,count,percentage
energy,497,3.7611624035114275
information_technology,8986,68.0036325109732
materials,186,1.4075980021189647
industrials,5696,43.10579688209475
consumer_discretionary,4613,34.90994399878916
consumer_staples,887,6.712577569244741
health_care,2302,17.420917209020736
financials,1583,11.979718480399576
communication_services,2594,19.630694717723625
utilities,706,5.342818223096716
real_estate,781,5.910398062660814
other,1488,11.260784016951717
