sector,count,percentage
energy,297,3.5770203540888836
information_technology,5758,69.34842827893533
materials,113,1.3609538720944236
industrials,3591,43.24942791762014
consumer_discretionary,2945,35.46910755148742
consumer_staples,543,6.5398048897988685
health_care,1393,16.777068529447188
financials,1018,12.26062868842587
communication_services,1685,20.29386968565579
utilities,433,5.214982536432615
real_estate,503,6.058051306756594
other,947,11.405516078525835
